id,text,next_question_label,question_id
301,"Вы возмущённо требуете документы, разрешения и хотя бы подпись ответственного лица. Вселенная равнодушно зевает.","2",201
302,"Вы вспоминаете главное правило галактического путешественника и лихорадочно ищете полотенце. Это внушает необъяснимое спокойствие.","3",201
303,"Вы уточняете, будет ли обед до конца света, потому что на голодный желудок апокалипсис переносится хуже.","4",201
304,"Вы решаете, что это сон, и пробуете снова уснуть, пока Вселенная не передумала.","5",201
305,"Вы пытаетесь убежать, но быстро понимаете, что в условиях вакуума это не лучшая стратегия.","6",202
306,"Вы представляете себя галактическим юристом и начинаете говорить словами, смысл которых неизвестен даже вам.","7",202
307,"Вы вежливо просите почитать стихи вслух, подозревая, что хуже уже не будет.","8",202
308,"Вы начинаете плакать заранее, экономя время на эмоциональной реакции.","9",202
309,"Вы используете его как универсальное средство защиты от всего непонятного.","6",203
310,"Вы накидываете его как плащ и чувствуете себя героем космооперы.","10",203
311,"Вы обнимаете полотенце, потому что оно единственное, что сейчас вас понимает.","5",203
312,"Вы тут же его теряете, подтверждая законы Вселенной.","9",203
313,"Вы решаете сделать бутерброд, игнорируя катастрофу как нечто второстепенное.","11",204
314,"Вы жалуетесь Вселенной на несвоевременность происходящего.","12",204
315,"Вы смиряетесь с судьбой и принимаете происходящее как должное.","5",204
316,"Вы спрашиваете, где чай, потому что без него цивилизация не имеет смысла.","13",204
317,"Вы начинаете паниковать, громко и без системы.","9",205
318,"Вы вспоминаете надпись «DON’T PANIC» и стараетесь выглядеть уверенно.","10",205
319,"Вы философски принимаете происходящее, как будто читали об этом раньше.","12",205
320,"Вы выкрикиваете «42!» без всякой причины, но с чувством.","14",205
321,"Вы задерживаете дыхание, словно космос обязан это заметить и проявить такт.","15",206
322,"Вы начинаете кричать, несмотря на смутное подозрение, что звук здесь не работает.","9",206
323,"Вы решаете положиться на сюжетную броню главного героя, даже если не уверены, что вы главный.","16",206
324,"Вы вежливо извиняетесь перед космосом за возможные неудобства. Космос впечатлён.","12",206
325,"Вы требуете апелляцию, не уточняя, к чему именно. Звучит убедительно.","8",207
326,"Вы начинаете путаться в терминах и случайно признаётесь во всех преступлениях сразу.","9",207
327,"Против всех законов логики вы выигрываете дело. Вогон выглядит озадаченным.","10",207
328,"В качестве «компромисса» вам предлагают послушать стихи.","8",207
329,"Вы теряете сознание, руководствуясь инстинктом самосохранения.","15",208
330,"Вы хвалите рифму, чем пугаете всех присутствующих, включая автора.","6",208
331,"Вы записываете цитаты, чтобы пугать ими знакомых.","9",208
332,"Вы просите ещё. Реальность слегка трескается.","15",208
333,"Вы решаете сдаться и начать всё сначала.","5",209
334,"Вы делаете вид, что так и было задумано.","12",209
335,"Вы задаёте главный философский вопрос: «В чём вообще смысл?»","14",209
336,"Вы снова начинаете искать полотенце, потому что оно вас ещё ни разу не подводило.","3",209
337,"Вы радуетесь спасению и решаете не задавать лишних вопросов.","16",210
338,"Вы внимательно разглядываете экипаж, подозревая худшее.","17",210
339,"Вы прячетесь за ближайшим ящиком. На всякий случай.","9",210
340,"Вы спрашиваете, куда летит корабль, и сразу жалеете об этом.","11",210
341,"Вы заказываете чай, надеясь, что в этот раз всё будет иначе.","13",211
342,"Вы снова поднимаете тему смысла жизни. Не вовремя, но искренне.","14",211
343,"Вы пробуете что-то странное, светящееся и, возможно, разумное.","9",211
344,"Вы решаете ничего не есть и просто подумать.","12",211
345,"Вы размышляете о жизни: зачем она дана, почему всё так странно и кто вообще всё это придумал.","14",212
346,"Вы думаете о Вселенной — бесконечной, равнодушной и удивительно хорошо организованной для хаоса.","14",212
347,"Вы пытаетесь осмыслить всё сразу: жизнь, Вселенную и остальное, но мысль ускользает.","14",212
348,"Вы решаете, что думать — занятие переоценённое, и возвращаетесь к реальности.","5",212
349,"Вы возмущаетесь, потому что чай — это вопрос принципа, а не вкуса.","9",213
350,"Вы пытаетесь улучшить напиток научным методом, добавляя ингредиенты сомнительного происхождения.","17",213
351,"Вы философски принимаете чай как символ несовершенства Вселенной.","12",213
352,"Вы отвлекаетесь и спрашиваете, где ваше полотенце.","3",213
353,"Вы отвечаете: «Любовь». Это звучит красиво, но Вселенная выглядит разочарованной.","9",214
354,"Вы честно говорите: «Деньги». Вселенная вздыхает и делает пометку.","9",214
355,"Вы уверенно и без лишних слов произносите: 42. Вселенная одобрительно молчит. Это хороший знак.","20",214
356,"Вы заявляете, что вопрос сформулирован некорректно. Вселенная кивает, но продолжает эксперимент.","9",214
357,"Вы благодарите Вселенную за то, что она сегодня в хорошем настроении.","16",215
358,"Вы долго и искренне удивляетесь происходящему.","12",215
359,"Вы проверяете, действительно ли вы живы, на всякий случай.","5",215
360,"Вы решаете, что это странно, но, вероятно, нормально.","17",215
361,"Вы решаете продолжить путешествие, не вдаваясь в детали.","20",216
362,"Вы задаёте ещё один вопрос, потому что не умеете останавливаться.","14",216
363,"Вы расслабляетесь и позволяете событиям происходить.","12",216
364,"Вы автоматически проверяете, при вас ли полотенце.","3",216
365,"Вы искренне сочувствуете ему. Андроид растерян: такого он не ожидал.","12",217
366,"Вы позволяете ему высказаться. Через некоторое время жалеете об этом.","9",217
367,"Вы спрашиваете его о смысле жизни. Он подтверждает, что всё плохо.","14",217
368,"Вы медленно отходите, стараясь не привлекать внимания.","16",217
369,"Вы почтительно кланяетесь, считая это уместным.","12",218
370,"Вы улыбаетесь, демонстрируя уверенность, которой у вас нет.","16",218
371,"Вы прямо спрашиваете: «Ну и что дальше?»","20",218
372,"Вы решаете убежать, пока всё снова не усложнилось.","9",218
373,"Вы делаете вывод и принимаете его без проверки.","20",219
374,"Вы решаете всё усложнить, потому что слишком просто не бывает.","9",219
375,"Вы спрашиваете ещё раз, на всякий случай.","14",219
376,"Вы напоминаете себе главное правило — не паниковать.","16",219
377,"Всегда носи полотенце","+810",220
378,"Не паникуй","+810",220
379,"Ответ — 42","+810",220
380,"Всё вышеперечисленное","+810",220
